Dependency ID,Predecessor Code,Successor Code,Type,Lag
"dep-civ-clea-0001-civ-exca-0002","CIV-CLEA-0001","CIV-EXCA-0002","FS",0
"dep-civ-clea-0001-civ-rein-0012","CIV-CLEA-0001","CIV-REIN-0012","FS",0
"dep-civ-clea-0001-civ-rein-0020","CIV-CLEA-0001","CIV-REIN-0020","FF",1
"dep-civ-clea-0001-civ-form-0029","CIV-CLEA-0001","CIV-FORM-0029","FF",0
"dep-civ-exca-0002-civ-rein-0012","CIV-EXCA-0002","CIV-REIN-0012","SS",2
"dep-civ-exca-0002-civ-rein-0020","CIV-EXCA-0002","CIV-REIN-0020","FS",0
"dep-civ-exca-0002-civ-form-0029","CIV-EXCA-0002","CIV-FORM-0029","FS",0
"dep-civ-exca-0002-civ-clea-0033","CIV-EXCA-0002","CIV-CLEA-0033","SF",0
"dep-civ-rein-0012-civ-rein-0020","CIV-REIN-0012","CIV-REIN-0020","FS",0
"dep-civ-rein-0012-civ-form-0029","CIV-REIN-0012","CIV-FORM-0029","FS",1
"dep-civ-rein-0012-civ-clea-0033","CIV-REIN-0012","CIV-CLEA-0033","FS",0
"dep-civ-rein-0012-civ-back-0047","CIV-REIN-0012","CIV-BACK-0047","FS",0
"dep-civ-rein-0020-civ-form-0029","CIV-REIN-0020","CIV-FORM-0029","FS",0
"dep-civ-rein-0020-civ-clea-0033","CIV-REIN-0020","CIV-CLEA-0033","FS",0
"dep-civ-rein-0020-civ-back-0047","CIV-REIN-0020","CIV-BACK-0047","FS",0
"dep-civ-rein-0020-civ-rein-0052","CIV-REIN-0020","CIV-REIN-0052","FS",0
"dep-civ-form-0029-civ-clea-0033","CIV-FORM-0029","CIV-CLEA-0033","FS",0
"dep-civ-form-0029-civ-back-0047","CIV-FORM-0029","CIV-BACK-0047","SF",0
"dep-civ-form-0029-civ-rein-0052","CIV-FORM-0029","CIV-REIN-0052","FS",0
"dep-civ-form-0029-civ-exca-0066","CIV-FORM-0029","CIV-EXCA-0066","FS",0
"dep-civ-clea-0033-civ-back-0047","CIV-CLEA-0033","CIV-BACK-0047","FS",0
"dep-civ-clea-0033-civ-rein-0052","CIV-CLEA-0033","CIV-REIN-0052","FF",2
"dep-civ-clea-0033-civ-exca-0066","CIV-CLEA-0033","CIV-EXCA-0066","FF",1
"dep-civ-clea-0033-civ-rein-0076","CIV-CLEA-0033","CIV-REIN-0076","FS",0
"dep-civ-back-0047-civ-rein-0052","CIV-BACK-0047","CIV-REIN-0052","FS",1
"dep-civ-back-0047-civ-exca-0066","CIV-BACK-0047","CIV-EXCA-0066","FS",3
"dep-civ-back-0047-civ-rein-0076","CIV-BACK-0047","CIV-REIN-0076","SF",0
"dep-civ-back-0047-civ-clea-0081","CIV-BACK-0047","CIV-CLEA-0081","FS",0
"dep-civ-rein-0052-civ-exca-0066","CIV-REIN-0052","CIV-EXCA-0066","FS",0
"dep-civ-rein-0052-civ-rein-0076","CIV-REIN-0052","CIV-REIN-0076","FS",0
"dep-civ-rein-0052-civ-clea-0081","CIV-REIN-0052","CIV-CLEA-0081","FS",3
"dep-civ-rein-0052-civ-back-0079","CIV-REIN-0052","CIV-BACK-0079","FS",0
"dep-civ-exca-0066-civ-rein-0076","CIV-EXCA-0066","CIV-REIN-0076","FS",3
"dep-civ-exca-0066-civ-clea-0081","CIV-EXCA-0066","CIV-CLEA-0081","FS",0
"dep-civ-exca-0066-civ-back-0079","CIV-EXCA-0066","CIV-BACK-0079","FS",0
"dep-civ-exca-0066-civ-conc-0086","CIV-EXCA-0066","CIV-CONC-0086","FS",0
"dep-civ-rein-0076-civ-clea-0081","CIV-REIN-0076","CIV-CLEA-0081","FS",0
"dep-civ-rein-0076-civ-back-0079","CIV-REIN-0076","CIV-BACK-0079","FS",0
"dep-civ-rein-0076-civ-conc-0086","CIV-REIN-0076","CIV-CONC-0086","FS",0
"dep-civ-rein-0076-civ-conc-0102","CIV-REIN-0076","CIV-CONC-0102","FS",0
"dep-civ-clea-0081-civ-back-0079","CIV-CLEA-0081","CIV-BACK-0079","FS",0
"dep-civ-clea-0081-civ-conc-0086","CIV-CLEA-0081","CIV-CONC-0086","FS",0
"dep-civ-clea-0081-civ-conc-0102","CIV-CLEA-0081","CIV-CONC-0102","FS",3
"dep-civ-clea-0081-civ-exca-0106","CIV-CLEA-0081","CIV-EXCA-0106","FF",0
"dep-civ-back-0079-civ-conc-0086","CIV-BACK-0079","CIV-CONC-0086","FS",0
"dep-civ-back-0079-civ-conc-0102","CIV-BACK-0079","CIV-CONC-0102","FS",0
"dep-civ-back-0079-civ-exca-0106","CIV-BACK-0079","CIV-EXCA-0106","FS",0
"dep-civ-back-0079-civ-clea-0113","CIV-BACK-0079","CIV-CLEA-0113","FF",3
"dep-civ-conc-0086-civ-conc-0102","CIV-CONC-0086","CIV-CONC-0102","FS",0
"dep-civ-conc-0086-civ-exca-0106","CIV-CONC-0086","CIV-EXCA-0106","FS",0
"dep-civ-conc-0086-civ-clea-0113","CIV-CONC-0086","CIV-CLEA-0113","FS",0
"dep-civ-conc-0086-civ-conc-0118","CIV-CONC-0086","CIV-CONC-0118","FS",0
"dep-civ-conc-0102-civ-exca-0106","CIV-CONC-0102","CIV-EXCA-0106","FS",1
"dep-civ-conc-0102-civ-clea-0113","CIV-CONC-0102","CIV-CLEA-0113","FS",0
"dep-civ-conc-0102-civ-conc-0118","CIV-CONC-0102","CIV-CONC-0118","FS",0
"dep-civ-conc-0102-civ-exca-0122","CIV-CONC-0102","CIV-EXCA-0122","FS",0
"dep-civ-exca-0106-civ-clea-0113","CIV-EXCA-0106","CIV-CLEA-0113","SS",3
"dep-civ-exca-0106-civ-conc-0118","CIV-EXCA-0106","CIV-CONC-0118","FS",3
"dep-civ-exca-0106-civ-exca-0122","CIV-EXCA-0106","CIV-EXCA-0122","FS",3
"dep-civ-exca-0106-civ-form-0133","CIV-EXCA-0106","CIV-FORM-0133","FS",1
"dep-civ-clea-0113-civ-conc-0118","CIV-CLEA-0113","CIV-CONC-0118","FS",0
"dep-civ-clea-0113-civ-exca-0122","CIV-CLEA-0113","CIV-EXCA-0122","FS",0
"dep-civ-clea-0113-civ-form-0133","CIV-CLEA-0113","CIV-FORM-0133","FS",1
"dep-civ-clea-0113-pip-flus-0016","CIV-CLEA-0113","PIP-FLUS-0016","FS",0
"dep-civ-conc-0118-civ-exca-0122","CIV-CONC-0118","CIV-EXCA-0122","FS",0
"dep-civ-conc-0118-civ-form-0133","CIV-CONC-0118","CIV-FORM-0133","FS",0
"dep-civ-conc-0118-pip-flus-0016","CIV-CONC-0118","PIP-FLUS-0016","FS",2
"dep-civ-conc-0118-pip-flus-0024","CIV-CONC-0118","PIP-FLUS-0024","FS",0
"dep-civ-exca-0122-civ-form-0133","CIV-EXCA-0122","CIV-FORM-0133","FS",1
"dep-civ-exca-0122-pip-flus-0016","CIV-EXCA-0122","PIP-FLUS-0016","FS",0
"dep-civ-exca-0122-pip-flus-0024","CIV-EXCA-0122","PIP-FLUS-0024","FS",0
"dep-civ-exca-0122-pip-weld-0037","CIV-EXCA-0122","PIP-WELD-0037","FS",0
"dep-civ-form-0133-pip-flus-0016","CIV-FORM-0133","PIP-FLUS-0016","FS",0
"dep-civ-form-0133-pip-flus-0024","CIV-FORM-0133","PIP-FLUS-0024","FF",0
"dep-civ-form-0133-pip-weld-0037","CIV-FORM-0133","PIP-WELD-0037","FS",0
"dep-civ-form-0133-pip-hydr-0047","CIV-FORM-0133","PIP-HYDR-0047","FS",0
"dep-pip-flus-0016-pip-flus-0024","PIP-FLUS-0016","PIP-FLUS-0024","SS",3
"dep-pip-flus-0016-pip-weld-0037","PIP-FLUS-0016","PIP-WELD-0037","FS",0
"dep-pip-flus-0016-pip-hydr-0047","PIP-FLUS-0016","PIP-HYDR-0047","SS",2
"dep-pip-flus-0016-pip-flus-0048","PIP-FLUS-0016","PIP-FLUS-0048","FS",0
"dep-pip-flus-0024-pip-weld-0037","PIP-FLUS-0024","PIP-WELD-0037","FS",2
"dep-pip-flus-0024-pip-hydr-0047","PIP-FLUS-0024","PIP-HYDR-0047","FS",0
"dep-pip-flus-0024-pip-flus-0048","PIP-FLUS-0024","PIP-FLUS-0048","FS",0
"dep-pip-weld-0037-pip-hydr-0047","PIP-WELD-0037","PIP-HYDR-0047","SS",1
"dep-pip-weld-0037-pip-flus-0048","PIP-WELD-0037","PIP-FLUS-0048","SS",2
"dep-pip-hydr-0047-pip-flus-0048","PIP-HYDR-0047","PIP-FLUS-0048","FS",0
"dep-civ-pcc-0003-civ-back-0015","CIV-PCC-0003","CIV-BACK-0015","FF",2
"dep-civ-pcc-0003-civ-grou-0016","CIV-PCC-0003","CIV-GROU-0016","FF",0
"dep-civ-pcc-0003-civ-grou-0056","CIV-PCC-0003","CIV-GROU-0056","SS",5
"dep-civ-pcc-0003-civ-pcc-0059","CIV-PCC-0003","CIV-PCC-0059","FS",0
"dep-civ-back-0015-civ-grou-0016","CIV-BACK-0015","CIV-GROU-0016","FS",0
"dep-civ-back-0015-civ-grou-0056","CIV-BACK-0015","CIV-GROU-0056","FS",0
"dep-civ-back-0015-civ-pcc-0059","CIV-BACK-0015","CIV-PCC-0059","FS",3
"dep-civ-back-0015-civ-exca-0058","CIV-BACK-0015","CIV-EXCA-0058","SF",0
"dep-civ-grou-0016-civ-grou-0056","CIV-GROU-0016","CIV-GROU-0056","FS",0
"dep-civ-grou-0016-civ-pcc-0059","CIV-GROU-0016","CIV-PCC-0059","FS",0
"dep-civ-grou-0016-civ-exca-0058","CIV-GROU-0016","CIV-EXCA-0058","FS",2
"dep-civ-grou-0016-civ-conc-0062","CIV-GROU-0016","CIV-CONC-0062","FS",0
"dep-civ-grou-0056-civ-pcc-0059","CIV-GROU-0056","CIV-PCC-0059","FS",1
"dep-civ-grou-0056-civ-exca-0058","CIV-GROU-0056","CIV-EXCA-0058","FS",2
"dep-civ-grou-0056-civ-conc-0062","CIV-GROU-0056","CIV-CONC-0062","FS",2
"dep-civ-grou-0056-civ-grou-0080","CIV-GROU-0056","CIV-GROU-0080","FS",3
"dep-civ-pcc-0059-civ-exca-0058","CIV-PCC-0059","CIV-EXCA-0058","FS",0
"dep-civ-pcc-0059-civ-conc-0062","CIV-PCC-0059","CIV-CONC-0062","FS",0
"dep-civ-pcc-0059-civ-grou-0080","CIV-PCC-0059","CIV-GROU-0080","FS",0
"dep-civ-pcc-0059-civ-form-0085","CIV-PCC-0059","CIV-FORM-0085","FS",0
"dep-civ-exca-0058-civ-conc-0062","CIV-EXCA-0058","CIV-CONC-0062","FS",0
"dep-civ-exca-0058-civ-grou-0080","CIV-EXCA-0058","CIV-GROU-0080","FS",0
"dep-civ-exca-0058-civ-form-0085","CIV-EXCA-0058","CIV-FORM-0085","FS",2
"dep-civ-exca-0058-civ-pcc-0091","CIV-EXCA-0058","CIV-PCC-0091","FF",0
"dep-civ-conc-0062-civ-grou-0080","CIV-CONC-0062","CIV-GROU-0080","FS",0
"dep-civ-conc-0062-civ-form-0085","CIV-CONC-0062","CIV-FORM-0085","FS",0
"dep-civ-conc-0062-civ-pcc-0091","CIV-CONC-0062","CIV-PCC-0091","FS",0
"dep-civ-conc-0062-civ-conc-0094","CIV-CONC-0062","CIV-CONC-0094","FS",0
"dep-civ-grou-0080-civ-form-0085","CIV-GROU-0080","CIV-FORM-0085","FS",3
"dep-civ-grou-0080-civ-pcc-0091","CIV-GROU-0080","CIV-PCC-0091","FS",3
"dep-civ-grou-0080-civ-conc-0094","CIV-GROU-0080","CIV-CONC-0094","SF",0
"dep-civ-grou-0080-civ-grou-0104","CIV-GROU-0080","CIV-GROU-0104","FS",0
"dep-civ-form-0085-civ-pcc-0091","CIV-FORM-0085","CIV-PCC-0091","FS",0
"dep-civ-form-0085-civ-conc-0094","CIV-FORM-0085","CIV-CONC-0094","FS",0
"dep-civ-form-0085-civ-grou-0104","CIV-FORM-0085","CIV-GROU-0104","FS",0
"dep-civ-form-0085-civ-grou-0120","CIV-FORM-0085","CIV-GROU-0120","FS",0
"dep-civ-pcc-0091-civ-conc-0094","CIV-PCC-0091","CIV-CONC-0094","FS",3
"dep-civ-pcc-0091-civ-grou-0104","CIV-PCC-0091","CIV-GROU-0104","FS",0
"dep-civ-pcc-0091-civ-grou-0120","CIV-PCC-0091","CIV-GROU-0120","FS",0
"dep-civ-pcc-0091-civ-pcc-0123","CIV-PCC-0091","CIV-PCC-0123","SS",3
"dep-civ-conc-0094-civ-grou-0104","CIV-CONC-0094","CIV-GROU-0104","FS",2
"dep-civ-conc-0094-civ-grou-0120","CIV-CONC-0094","CIV-GROU-0120","SS",2
"dep-civ-conc-0094-civ-pcc-0123","CIV-CONC-0094","CIV-PCC-0123","FS",0
"dep-civ-conc-0094-civ-back-0135","CIV-CONC-0094","CIV-BACK-0135","FS",1
"dep-civ-grou-0104-civ-grou-0120","CIV-GROU-0104","CIV-GROU-0120","FS",1
"dep-civ-grou-0104-civ-pcc-0123","CIV-GROU-0104","CIV-PCC-0123","FS",0
"dep-civ-grou-0104-civ-back-0135","CIV-GROU-0104","CIV-BACK-0135","FS",3
"dep-civ-grou-0104-pip-insu-0025","CIV-GROU-0104","PIP-INSU-0025","FS",0
"dep-civ-grou-0120-civ-pcc-0123","CIV-GROU-0120","CIV-PCC-0123","FS",0
"dep-civ-grou-0120-civ-back-0135","CIV-GROU-0120","CIV-BACK-0135","FS",0
"dep-civ-grou-0120-pip-insu-0025","CIV-GROU-0120","PIP-INSU-0025","FS",0
"dep-civ-grou-0120-pip-fitu-0028","CIV-GROU-0120","PIP-FITU-0028","FS",3
"dep-civ-pcc-0123-civ-back-0135","CIV-PCC-0123","CIV-BACK-0135","FS",0
"dep-civ-pcc-0123-pip-insu-0025","CIV-PCC-0123","PIP-INSU-0025","FS",0
"dep-civ-pcc-0123-pip-fitu-0028","CIV-PCC-0123","PIP-FITU-0028","FS",2
"dep-civ-pcc-0123-pip-insu-0033","CIV-PCC-0123","PIP-INSU-0033","FS",0
"dep-civ-back-0135-pip-insu-0025","CIV-BACK-0135","PIP-INSU-0025","FS",0
"dep-civ-back-0135-pip-fitu-0028","CIV-BACK-0135","PIP-FITU-0028","FS",0
"dep-civ-back-0135-pip-insu-0033","CIV-BACK-0135","PIP-INSU-0033","FS",0
"dep-civ-back-0135-pip-fabr-0034","CIV-BACK-0135","PIP-FABR-0034","FS",3
"dep-pip-insu-0025-pip-fitu-0028","PIP-INSU-0025","PIP-FITU-0028","SS",1
"dep-pip-insu-0025-pip-insu-0033","PIP-INSU-0025","PIP-INSU-0033","FS",0
"dep-pip-insu-0025-pip-fabr-0034","PIP-INSU-0025","PIP-FABR-0034","FS",0
"dep-pip-insu-0025-pip-flus-0056","PIP-INSU-0025","PIP-FLUS-0056","FS",0
"dep-pip-fitu-0028-pip-insu-0033","PIP-FITU-0028","PIP-INSU-0033","FS",0
"dep-pip-fitu-0028-pip-fabr-0034","PIP-FITU-0028","PIP-FABR-0034","SS",2
"dep-pip-fitu-0028-pip-flus-0056","PIP-FITU-0028","PIP-FLUS-0056","FS",0
"dep-pip-fitu-0028-pip-insu-0065","PIP-FITU-0028","PIP-INSU-0065","FS",3
"dep-pip-insu-0033-pip-fabr-0034","PIP-INSU-0033","PIP-FABR-0034","FS",0
"dep-pip-insu-0033-pip-flus-0056","PIP-INSU-0033","PIP-FLUS-0056","FS",0
"dep-pip-insu-0033-pip-insu-0065","PIP-INSU-0033","PIP-INSU-0065","FS",0
"dep-pip-fabr-0034-pip-flus-0056","PIP-FABR-0034","PIP-FLUS-0056","FS",0
"dep-pip-fabr-0034-pip-insu-0065","PIP-FABR-0034","PIP-INSU-0065","FS",0
"dep-pip-flus-0056-pip-insu-0065","PIP-FLUS-0056","PIP-INSU-0065","FS",0
"dep-civ-rein-0004-civ-conc-0006","CIV-REIN-0004","CIV-CONC-0006","FS",2
"dep-civ-rein-0004-civ-form-0005","CIV-REIN-0004","CIV-FORM-0005","SS",3
"dep-civ-rein-0004-civ-grou-0008","CIV-REIN-0004","CIV-GROU-0008","FS",0
"dep-civ-rein-0004-civ-conc-0014","CIV-REIN-0004","CIV-CONC-0014","FS",0
"dep-civ-conc-0006-civ-form-0005","CIV-CONC-0006","CIV-FORM-0005","FS",0
"dep-civ-conc-0006-civ-grou-0008","CIV-CONC-0006","CIV-GROU-0008","FS",0
"dep-civ-conc-0006-civ-conc-0014","CIV-CONC-0006","CIV-CONC-0014","FS",0
"dep-civ-conc-0006-civ-rein-0028","CIV-CONC-0006","CIV-REIN-0028","FS",3
"dep-civ-form-0005-civ-grou-0008","CIV-FORM-0005","CIV-GROU-0008","FS",0
"dep-civ-form-0005-civ-conc-0014","CIV-FORM-0005","CIV-CONC-0014","FS",2
"dep-civ-form-0005-civ-rein-0028","CIV-FORM-0005","CIV-REIN-0028","FS",0
"dep-civ-form-0005-civ-form-0037","CIV-FORM-0005","CIV-FORM-0037","SF",0
"dep-civ-grou-0008-civ-conc-0014","CIV-GROU-0008","CIV-CONC-0014","FS",0
"dep-civ-grou-0008-civ-rein-0028","CIV-GROU-0008","CIV-REIN-0028","FS",0
"dep-civ-grou-0008-civ-form-0037","CIV-GROU-0008","CIV-FORM-0037","FS",0
"dep-civ-grou-0008-civ-rein-0036","CIV-GROU-0008","CIV-REIN-0036","FS",0
"dep-civ-conc-0014-civ-rein-0028","CIV-CONC-0014","CIV-REIN-0028","FS",1
"dep-civ-conc-0014-civ-form-0037","CIV-CONC-0014","CIV-FORM-0037","FS",0
"dep-civ-conc-0014-civ-rein-0036","CIV-CONC-0014","CIV-REIN-0036","SS",2
"dep-civ-conc-0014-civ-conc-0038","CIV-CONC-0014","CIV-CONC-0038","FS",3
"dep-civ-rein-0028-civ-form-0037","CIV-REIN-0028","CIV-FORM-0037","FS",0
"dep-civ-rein-0028-civ-rein-0036","CIV-REIN-0028","CIV-REIN-0036","FF",1
"dep-civ-rein-0028-civ-conc-0038","CIV-REIN-0028","CIV-CONC-0038","SS",5
"dep-civ-rein-0028-civ-conc-0054","CIV-REIN-0028","CIV-CONC-0054","FS",3
"dep-civ-form-0037-civ-rein-0036","CIV-FORM-0037","CIV-REIN-0036","FS",0
"dep-civ-form-0037-civ-conc-0038","CIV-FORM-0037","CIV-CONC-0038","FS",0
"dep-civ-form-0037-civ-conc-0054","CIV-FORM-0037","CIV-CONC-0054","FS",0
"dep-civ-form-0037-civ-form-0069","CIV-FORM-0037","CIV-FORM-0069","FS",3
"dep-civ-rein-0036-civ-conc-0038","CIV-REIN-0036","CIV-CONC-0038","SS",4
"dep-civ-rein-0036-civ-conc-0054","CIV-REIN-0036","CIV-CONC-0054","FS",0
"dep-civ-rein-0036-civ-form-0069","CIV-REIN-0036","CIV-FORM-0069","FS",0
"dep-civ-rein-0036-civ-clea-0073","CIV-REIN-0036","CIV-CLEA-0073","FS",1
"dep-civ-conc-0038-civ-conc-0054","CIV-CONC-0038","CIV-CONC-0054","FS",0
"dep-civ-conc-0038-civ-form-0069","CIV-CONC-0038","CIV-FORM-0069","FS",0
"dep-civ-conc-0038-civ-clea-0073","CIV-CONC-0038","CIV-CLEA-0073","FS",0
"dep-civ-conc-0038-civ-exca-0082","CIV-CONC-0038","CIV-EXCA-0082","FS",0
"dep-civ-conc-0054-civ-form-0069","CIV-CONC-0054","CIV-FORM-0069","FS",0
"dep-civ-conc-0054-civ-clea-0073","CIV-CONC-0054","CIV-CLEA-0073","SS",5
"dep-civ-conc-0054-civ-exca-0082","CIV-CONC-0054","CIV-EXCA-0082","FS",0
"dep-civ-conc-0054-civ-form-0109","CIV-CONC-0054","CIV-FORM-0109","FF",3
"dep-civ-form-0069-civ-clea-0073","CIV-FORM-0069","CIV-CLEA-0073","FS",0
"dep-civ-form-0069-civ-exca-0082","CIV-FORM-0069","CIV-EXCA-0082","FS",0
"dep-civ-form-0069-civ-form-0109","CIV-FORM-0069","CIV-FORM-0109","FS",0
"dep-civ-form-0069-civ-pcc-0107","CIV-FORM-0069","CIV-PCC-0107","FS",0
"dep-civ-clea-0073-civ-exca-0082","CIV-CLEA-0073","CIV-EXCA-0082","FS",0
"dep-civ-clea-0073-civ-form-0109","CIV-CLEA-0073","CIV-FORM-0109","FS",1
"dep-civ-clea-0073-civ-pcc-0107","CIV-CLEA-0073","CIV-PCC-0107","FS",3
"dep-civ-clea-0073-pip-ndt-0046","CIV-CLEA-0073","PIP-NDT-0046","FS",0
"dep-civ-exca-0082-civ-form-0109","CIV-EXCA-0082","CIV-FORM-0109","FS",3
"dep-civ-exca-0082-civ-pcc-0107","CIV-EXCA-0082","CIV-PCC-0107","FS",1
"dep-civ-exca-0082-pip-ndt-0046","CIV-EXCA-0082","PIP-NDT-0046","FS",0
"dep-civ-exca-0082-pip-fitu-0052","CIV-EXCA-0082","PIP-FITU-0052","SF",0
"dep-civ-form-0109-civ-pcc-0107","CIV-FORM-0109","CIV-PCC-0107","FS",0
"dep-civ-form-0109-pip-ndt-0046","CIV-FORM-0109","PIP-NDT-0046","FS",3
"dep-civ-form-0109-pip-fitu-0052","CIV-FORM-0109","PIP-FITU-0052","FS",1
"dep-civ-form-0109-pip-fabr-0058","CIV-FORM-0109","PIP-FABR-0058","FS",0
"dep-civ-pcc-0107-pip-ndt-0046","CIV-PCC-0107","PIP-NDT-0046","FS",0
"dep-civ-pcc-0107-pip-fitu-0052","CIV-PCC-0107","PIP-FITU-0052","FS",0
"dep-civ-pcc-0107-pip-fabr-0058","CIV-PCC-0107","PIP-FABR-0058","FS",0
"dep-civ-pcc-0107-pip-fitu-0060","CIV-PCC-0107","PIP-FITU-0060","SS",2
"dep-pip-ndt-0046-pip-fitu-0052","PIP-NDT-0046","PIP-FITU-0052","FS",1
"dep-pip-ndt-0046-pip-fabr-0058","PIP-NDT-0046","PIP-FABR-0058","FS",0
"dep-pip-ndt-0046-pip-fitu-0060","PIP-NDT-0046","PIP-FITU-0060","SF",0
"dep-pip-ndt-0046-pip-erec-0059","PIP-NDT-0046","PIP-EREC-0059","FS",0
"dep-pip-fitu-0052-pip-fabr-0058","PIP-FITU-0052","PIP-FABR-0058","SS",4
"dep-pip-fitu-0052-pip-fitu-0060","PIP-FITU-0052","PIP-FITU-0060","FS",0
"dep-pip-fitu-0052-pip-erec-0059","PIP-FITU-0052","PIP-EREC-0059","SS",1
"dep-pip-fitu-0052-pip-weld-0061","PIP-FITU-0052","PIP-WELD-0061","FS",0
"dep-pip-fabr-0058-pip-fitu-0060","PIP-FABR-0058","PIP-FITU-0060","FS",0
"dep-pip-fabr-0058-pip-erec-0059","PIP-FABR-0058","PIP-EREC-0059","SS",5
"dep-pip-fabr-0058-pip-weld-0061","PIP-FABR-0058","PIP-WELD-0061","FS",0
"dep-pip-fitu-0060-pip-erec-0059","PIP-FITU-0060","PIP-EREC-0059","FS",0
"dep-pip-fitu-0060-pip-weld-0061","PIP-FITU-0060","PIP-WELD-0061","FS",3
"dep-pip-erec-0059-pip-weld-0061","PIP-EREC-0059","PIP-WELD-0061","FS",3
"dep-civ-back-0007-civ-back-0023","CIV-BACK-0007","CIV-BACK-0023","FS",0
"dep-civ-back-0007-civ-grou-0024","CIV-BACK-0007","CIV-GROU-0024","SS",4
"dep-civ-back-0007-civ-form-0045","CIV-BACK-0007","CIV-FORM-0045","FS",0
"dep-civ-back-0007-civ-pcc-0051","CIV-BACK-0007","CIV-PCC-0051","SS",3
"dep-civ-back-0023-civ-grou-0024","CIV-BACK-0023","CIV-GROU-0024","FS",0
"dep-civ-back-0023-civ-form-0045","CIV-BACK-0023","CIV-FORM-0045","FS",2
"dep-civ-back-0023-civ-pcc-0051","CIV-BACK-0023","CIV-PCC-0051","FS",0
"dep-civ-back-0023-civ-rein-0060","CIV-BACK-0023","CIV-REIN-0060","FS",3
"dep-civ-grou-0024-civ-form-0045","CIV-GROU-0024","CIV-FORM-0045","FS",3
"dep-civ-grou-0024-civ-pcc-0051","CIV-GROU-0024","CIV-PCC-0051","FS",0
"dep-civ-grou-0024-civ-rein-0060","CIV-GROU-0024","CIV-REIN-0060","FS",0
"dep-civ-grou-0024-civ-exca-0074","CIV-GROU-0024","CIV-EXCA-0074","FS",2
"dep-civ-form-0045-civ-pcc-0051","CIV-FORM-0045","CIV-PCC-0051","FF",3
"dep-civ-form-0045-civ-rein-0060","CIV-FORM-0045","CIV-REIN-0060","FS",0
"dep-civ-form-0045-civ-exca-0074","CIV-FORM-0045","CIV-EXCA-0074","FS",0
"dep-civ-form-0045-civ-form-0077","CIV-FORM-0045","CIV-FORM-0077","FS",1
"dep-civ-pcc-0051-civ-rein-0060","CIV-PCC-0051","CIV-REIN-0060","FS",0
"dep-civ-pcc-0051-civ-exca-0074","CIV-PCC-0051","CIV-EXCA-0074","FF",0
"dep-civ-pcc-0051-civ-form-0077","CIV-PCC-0051","CIV-FORM-0077","FS",1
"dep-civ-pcc-0051-civ-conc-0078","CIV-PCC-0051","CIV-CONC-0078","FS",2
"dep-civ-rein-0060-civ-exca-0074","CIV-REIN-0060","CIV-EXCA-0074","FS",0
"dep-civ-rein-0060-civ-form-0077","CIV-REIN-0060","CIV-FORM-0077","FS",0
"dep-civ-rein-0060-civ-conc-0078","CIV-REIN-0060","CIV-CONC-0078","SF",0
"dep-civ-rein-0060-civ-exca-0090","CIV-REIN-0060","CIV-EXCA-0090","SF",0
"dep-civ-exca-0074-civ-form-0077","CIV-EXCA-0074","CIV-FORM-0077","FS",0
"dep-civ-exca-0074-civ-conc-0078","CIV-EXCA-0074","CIV-CONC-0078","FS",0
"dep-civ-exca-0074-civ-exca-0090","CIV-EXCA-0074","CIV-EXCA-0090","FS",0
"dep-civ-exca-0074-civ-conc-0110","CIV-EXCA-0074","CIV-CONC-0110","FS",0
"dep-civ-form-0077-civ-conc-0078","CIV-FORM-0077","CIV-CONC-0078","FS",0
"dep-civ-form-0077-civ-exca-0090","CIV-FORM-0077","CIV-EXCA-0090","FS",0
"dep-civ-form-0077-civ-conc-0110","CIV-FORM-0077","CIV-CONC-0110","SF",0
"dep-civ-form-0077-civ-back-0127","CIV-FORM-0077","CIV-BACK-0127","FS",0
"dep-civ-conc-0078-civ-exca-0090","CIV-CONC-0078","CIV-EXCA-0090","FS",1
"dep-civ-conc-0078-civ-conc-0110","CIV-CONC-0078","CIV-CONC-0110","FS",3
"dep-civ-conc-0078-civ-back-0127","CIV-CONC-0078","CIV-BACK-0127","FS",0
"dep-civ-conc-0078-civ-exca-0130","CIV-CONC-0078","CIV-EXCA-0130","FS",0
"dep-civ-exca-0090-civ-conc-0110","CIV-EXCA-0090","CIV-CONC-0110","FS",2
"dep-civ-exca-0090-civ-back-0127","CIV-EXCA-0090","CIV-BACK-0127","FS",0
"dep-civ-exca-0090-civ-exca-0130","CIV-EXCA-0090","CIV-EXCA-0130","FS",2
"dep-civ-exca-0090-civ-rein-0132","CIV-EXCA-0090","CIV-REIN-0132","FS",0
"dep-civ-conc-0110-civ-back-0127","CIV-CONC-0110","CIV-BACK-0127","FS",0
"dep-civ-conc-0110-civ-exca-0130","CIV-CONC-0110","CIV-EXCA-0130","FS",0
"dep-civ-conc-0110-civ-rein-0132","CIV-CONC-0110","CIV-REIN-0132","SF",0
"dep-civ-conc-0110-pip-fabr-0010","CIV-CONC-0110","PIP-FABR-0010","FS",0
"dep-civ-back-0127-civ-exca-0130","CIV-BACK-0127","CIV-EXCA-0130","FS",0
"dep-civ-back-0127-civ-rein-0132","CIV-BACK-0127","CIV-REIN-0132","FS",0
"dep-civ-back-0127-pip-fabr-0010","CIV-BACK-0127","PIP-FABR-0010","FS",3
"dep-civ-back-0127-pip-weld-0021","CIV-BACK-0127","PIP-WELD-0021","FS",0
"dep-civ-exca-0130-civ-rein-0132","CIV-EXCA-0130","CIV-REIN-0132","SS",5
"dep-civ-exca-0130-pip-fabr-0010","CIV-EXCA-0130","PIP-FABR-0010","FS",0
"dep-civ-exca-0130-pip-weld-0021","CIV-EXCA-0130","PIP-WELD-0021","FS",0
"dep-civ-exca-0130-pip-fabr-0026","CIV-EXCA-0130","PIP-FABR-0026","FS",2
"dep-civ-rein-0132-pip-fabr-0010","CIV-REIN-0132","PIP-FABR-0010","FS",3
"dep-civ-rein-0132-pip-weld-0021","CIV-REIN-0132","PIP-WELD-0021","SF",0
"dep-civ-rein-0132-pip-fabr-0026","CIV-REIN-0132","PIP-FABR-0026","FS",0
"dep-civ-rein-0132-pip-erec-0035","CIV-REIN-0132","PIP-EREC-0035","FS",3
"dep-pip-fabr-0010-pip-weld-0021","PIP-FABR-0010","PIP-WELD-0021","SS",2
"dep-pip-fabr-0010-pip-fabr-0026","PIP-FABR-0010","PIP-FABR-0026","FS",0
"dep-pip-fabr-0010-pip-erec-0035","PIP-FABR-0010","PIP-EREC-0035","FS",0
"dep-pip-fabr-0010-pip-ndt-0038","PIP-FABR-0010","PIP-NDT-0038","FS",0
"dep-pip-weld-0021-pip-fabr-0026","PIP-WELD-0021","PIP-FABR-0026","FS",0
"dep-pip-weld-0021-pip-erec-0035","PIP-WELD-0021","PIP-EREC-0035","FS",0
"dep-pip-weld-0021-pip-ndt-0038","PIP-WELD-0021","PIP-NDT-0038","FS",0
"dep-pip-weld-0021-pip-flus-0040","PIP-WELD-0021","PIP-FLUS-0040","FS",0
"dep-pip-fabr-0026-pip-erec-0035","PIP-FABR-0026","PIP-EREC-0035","FS",0
"dep-pip-fabr-0026-pip-ndt-0038","PIP-FABR-0026","PIP-NDT-0038","FS",0
"dep-pip-fabr-0026-pip-flus-0040","PIP-FABR-0026","PIP-FLUS-0040","FS",0
"dep-pip-fabr-0026-pip-erec-0043","PIP-FABR-0026","PIP-EREC-0043","FS",0
"dep-pip-erec-0035-pip-ndt-0038","PIP-EREC-0035","PIP-NDT-0038","FS",0
"dep-pip-erec-0035-pip-flus-0040","PIP-EREC-0035","PIP-FLUS-0040","SF",0
"dep-pip-erec-0035-pip-erec-0043","PIP-EREC-0035","PIP-EREC-0043","SS",3
"dep-pip-ndt-0038-pip-flus-0040","PIP-NDT-0038","PIP-FLUS-0040","SS",4
"dep-pip-ndt-0038-pip-erec-0043","PIP-NDT-0038","PIP-EREC-0043","SS",1
"dep-pip-flus-0040-pip-erec-0043","PIP-FLUS-0040","PIP-EREC-0043","FS",0
"dep-civ-clea-0009-civ-exca-0010","CIV-CLEA-0009","CIV-EXCA-0010","FS",0
"dep-civ-clea-0009-civ-clea-0025","CIV-CLEA-0009","CIV-CLEA-0025","FS",0
"dep-civ-clea-0009-civ-exca-0026","CIV-CLEA-0009","CIV-EXCA-0026","FS",2
"dep-civ-clea-0009-civ-grou-0072","CIV-CLEA-0009","CIV-GROU-0072","FS",0
"dep-civ-exca-0010-civ-clea-0025","CIV-EXCA-0010","CIV-CLEA-0025","FS",0
"dep-civ-exca-0010-civ-exca-0026","CIV-EXCA-0010","CIV-EXCA-0026","FS",0
"dep-civ-exca-0010-civ-grou-0072","CIV-EXCA-0010","CIV-GROU-0072","SS",3
"dep-civ-exca-0010-civ-back-0087","CIV-EXCA-0010","CIV-BACK-0087","FS",0
"dep-civ-clea-0025-civ-exca-0026","CIV-CLEA-0025","CIV-EXCA-0026","FS",0
"dep-civ-clea-0025-civ-grou-0072","CIV-CLEA-0025","CIV-GROU-0072","FS",3
"dep-civ-clea-0025-civ-back-0087","CIV-CLEA-0025","CIV-BACK-0087","FS",0
"dep-civ-clea-0025-civ-clea-0089","CIV-CLEA-0025","CIV-CLEA-0089","FS",1
"dep-civ-exca-0026-civ-grou-0072","CIV-EXCA-0026","CIV-GROU-0072","FS",1
"dep-civ-exca-0026-civ-back-0087","CIV-EXCA-0026","CIV-BACK-0087","FS",1
"dep-civ-exca-0026-civ-clea-0089","CIV-EXCA-0026","CIV-CLEA-0089","FS",0
"dep-civ-exca-0026-civ-clea-0097","CIV-EXCA-0026","CIV-CLEA-0097","FS",0
"dep-civ-grou-0072-civ-back-0087","CIV-GROU-0072","CIV-BACK-0087","FS",0
"dep-civ-grou-0072-civ-clea-0089","CIV-GROU-0072","CIV-CLEA-0089","FS",2
"dep-civ-grou-0072-civ-clea-0097","CIV-GROU-0072","CIV-CLEA-0097","FS",0
"dep-civ-grou-0072-civ-pcc-0115","CIV-GROU-0072","CIV-PCC-0115","FS",0
"dep-civ-back-0087-civ-clea-0089","CIV-BACK-0087","CIV-CLEA-0089","SS",2
"dep-civ-back-0087-civ-clea-0097","CIV-BACK-0087","CIV-CLEA-0097","FS",0
"dep-civ-back-0087-civ-pcc-0115","CIV-BACK-0087","CIV-PCC-0115","FS",0
"dep-civ-back-0087-civ-rein-0116","CIV-BACK-0087","CIV-REIN-0116","FS",0
"dep-civ-clea-0089-civ-clea-0097","CIV-CLEA-0089","CIV-CLEA-0097","FS",0
"dep-civ-clea-0089-civ-pcc-0115","CIV-CLEA-0089","CIV-PCC-0115","FS",0
"dep-civ-clea-0089-civ-rein-0116","CIV-CLEA-0089","CIV-REIN-0116","FS",0
"dep-civ-clea-0089-civ-rein-0124","CIV-CLEA-0089","CIV-REIN-0124","FS",0
"dep-civ-clea-0097-civ-pcc-0115","CIV-CLEA-0097","CIV-PCC-0115","FS",0
"dep-civ-clea-0097-civ-rein-0116","CIV-CLEA-0097","CIV-REIN-0116","FS",0
"dep-civ-clea-0097-civ-rein-0124","CIV-CLEA-0097","CIV-REIN-0124","FF",2
"dep-civ-clea-0097-pip-insu-0001","CIV-CLEA-0097","PIP-INSU-0001","FS",0
"dep-civ-pcc-0115-civ-rein-0116","CIV-PCC-0115","CIV-REIN-0116","FS",1
"dep-civ-pcc-0115-civ-rein-0124","CIV-PCC-0115","CIV-REIN-0124","FS",2
"dep-civ-pcc-0115-pip-insu-0001","CIV-PCC-0115","PIP-INSU-0001","FS",0
"dep-civ-pcc-0115-pip-erec-0003","CIV-PCC-0115","PIP-EREC-0003","FS",0
"dep-civ-rein-0116-civ-rein-0124","CIV-REIN-0116","CIV-REIN-0124","FS",0
"dep-civ-rein-0116-pip-insu-0001","CIV-REIN-0116","PIP-INSU-0001","SS",3
"dep-civ-rein-0116-pip-erec-0003","CIV-REIN-0116","PIP-EREC-0003","FS",0
"dep-civ-rein-0116-pip-fitu-0004","CIV-REIN-0116","PIP-FITU-0004","SS",3
"dep-civ-rein-0124-pip-insu-0001","CIV-REIN-0124","PIP-INSU-0001","FS",2
"dep-civ-rein-0124-pip-erec-0003","CIV-REIN-0124","PIP-EREC-0003","FS",3
"dep-civ-rein-0124-pip-fitu-0004","CIV-REIN-0124","PIP-FITU-0004","FS",0
"dep-civ-rein-0124-pip-flus-0008","CIV-REIN-0124","PIP-FLUS-0008","FS",0
"dep-pip-insu-0001-pip-erec-0003","PIP-INSU-0001","PIP-EREC-0003","FS",3
"dep-pip-insu-0001-pip-fitu-0004","PIP-INSU-0001","PIP-FITU-0004","SS",3
"dep-pip-insu-0001-pip-flus-0008","PIP-INSU-0001","PIP-FLUS-0008","FS",0
"dep-pip-insu-0001-pip-ndt-0030","PIP-INSU-0001","PIP-NDT-0030","FS",0
"dep-pip-erec-0003-pip-fitu-0004","PIP-EREC-0003","PIP-FITU-0004","FS",0
"dep-pip-erec-0003-pip-flus-0008","PIP-EREC-0003","PIP-FLUS-0008","FS",0
"dep-pip-erec-0003-pip-ndt-0030","PIP-EREC-0003","PIP-NDT-0030","SS",4
"dep-pip-erec-0003-pip-hydr-0031","PIP-EREC-0003","PIP-HYDR-0031","SF",0
"dep-pip-fitu-0004-pip-flus-0008","PIP-FITU-0004","PIP-FLUS-0008","FS",0
"dep-pip-fitu-0004-pip-ndt-0030","PIP-FITU-0004","PIP-NDT-0030","FS",0
"dep-pip-fitu-0004-pip-hydr-0031","PIP-FITU-0004","PIP-HYDR-0031","FS",0
"dep-pip-fitu-0004-pip-fabr-0050","PIP-FITU-0004","PIP-FABR-0050","SS",2
"dep-pip-flus-0008-pip-ndt-0030","PIP-FLUS-0008","PIP-NDT-0030","FS",0
"dep-pip-flus-0008-pip-hydr-0031","PIP-FLUS-0008","PIP-HYDR-0031","FS",0
"dep-pip-flus-0008-pip-fabr-0050","PIP-FLUS-0008","PIP-FABR-0050","SS",4
"dep-pip-flus-0008-pip-ndt-0054","PIP-FLUS-0008","PIP-NDT-0054","FS",0
"dep-pip-ndt-0030-pip-hydr-0031","PIP-NDT-0030","PIP-HYDR-0031","FS",0
"dep-pip-ndt-0030-pip-fabr-0050","PIP-NDT-0030","PIP-FABR-0050","FS",0
"dep-pip-ndt-0030-pip-ndt-0054","PIP-NDT-0030","PIP-NDT-0054","FS",0
"dep-pip-hydr-0031-pip-fabr-0050","PIP-HYDR-0031","PIP-FABR-0050","FS",0
"dep-pip-hydr-0031-pip-ndt-0054","PIP-HYDR-0031","PIP-NDT-0054","FS",0
"dep-pip-fabr-0050-pip-ndt-0054","PIP-FABR-0050","PIP-NDT-0054","FS",2
"dep-civ-pcc-0011-civ-conc-0022","CIV-PCC-0011","CIV-CONC-0022","SF",0
"dep-civ-pcc-0011-civ-grou-0032","CIV-PCC-0011","CIV-GROU-0032","FS",1
"dep-civ-pcc-0011-civ-pcc-0027","CIV-PCC-0011","CIV-PCC-0027","FS",0
"dep-civ-pcc-0011-civ-pcc-0035","CIV-PCC-0011","CIV-PCC-0035","FS",0
"dep-civ-conc-0022-civ-grou-0032","CIV-CONC-0022","CIV-GROU-0032","FS",3
"dep-civ-conc-0022-civ-pcc-0027","CIV-CONC-0022","CIV-PCC-0027","FS",0
"dep-civ-conc-0022-civ-pcc-0035","CIV-CONC-0022","CIV-PCC-0035","SF",0
"dep-civ-conc-0022-civ-back-0039","CIV-CONC-0022","CIV-BACK-0039","SS",4
"dep-civ-grou-0032-civ-pcc-0027","CIV-GROU-0032","CIV-PCC-0027","FS",0
"dep-civ-grou-0032-civ-pcc-0035","CIV-GROU-0032","CIV-PCC-0035","FS",0
"dep-civ-grou-0032-civ-back-0039","CIV-GROU-0032","CIV-BACK-0039","FS",0
"dep-civ-grou-0032-civ-grou-0048","CIV-GROU-0032","CIV-GROU-0048","FS",0
"dep-civ-pcc-0027-civ-pcc-0035","CIV-PCC-0027","CIV-PCC-0035","FS",0
"dep-civ-pcc-0027-civ-back-0039","CIV-PCC-0027","CIV-BACK-0039","FS",3
"dep-civ-pcc-0027-civ-grou-0048","CIV-PCC-0027","CIV-GROU-0048","FS",0
"dep-civ-pcc-0027-civ-form-0053","CIV-PCC-0027","CIV-FORM-0053","FS",0
"dep-civ-pcc-0035-civ-back-0039","CIV-PCC-0035","CIV-BACK-0039","FS",0
"dep-civ-pcc-0035-civ-grou-0048","CIV-PCC-0035","CIV-GROU-0048","FS",0
"dep-civ-pcc-0035-civ-form-0053","CIV-PCC-0035","CIV-FORM-0053","FS",0
"dep-civ-pcc-0035-civ-form-0061","CIV-PCC-0035","CIV-FORM-0061","FS",0
"dep-civ-back-0039-civ-grou-0048","CIV-BACK-0039","CIV-GROU-0048","FS",3
"dep-civ-back-0039-civ-form-0053","CIV-BACK-0039","CIV-FORM-0053","FS",2
"dep-civ-back-0039-civ-form-0061","CIV-BACK-0039","CIV-FORM-0061","FS",0
"dep-civ-back-0039-civ-pcc-0067","CIV-BACK-0039","CIV-PCC-0067","FS",2
"dep-civ-grou-0048-civ-form-0053","CIV-GROU-0048","CIV-FORM-0053","FS",3
"dep-civ-grou-0048-civ-form-0061","CIV-GROU-0048","CIV-FORM-0061","SS",3
"dep-civ-grou-0048-civ-pcc-0067","CIV-GROU-0048","CIV-PCC-0067","FS",1
"dep-civ-grou-0048-civ-back-0071","CIV-GROU-0048","CIV-BACK-0071","SS",4
"dep-civ-form-0053-civ-form-0061","CIV-FORM-0053","CIV-FORM-0061","FS",0
"dep-civ-form-0053-civ-pcc-0067","CIV-FORM-0053","CIV-PCC-0067","FS",0
"dep-civ-form-0053-civ-back-0071","CIV-FORM-0053","CIV-BACK-0071","FS",0
"dep-civ-form-0053-civ-grou-0088","CIV-FORM-0053","CIV-GROU-0088","FS",0
"dep-civ-form-0061-civ-pcc-0067","CIV-FORM-0061","CIV-PCC-0067","FS",0
"dep-civ-form-0061-civ-back-0071","CIV-FORM-0061","CIV-BACK-0071","FS",0
"dep-civ-form-0061-civ-grou-0088","CIV-FORM-0061","CIV-GROU-0088","FS",0
"dep-civ-form-0061-civ-grou-0096","CIV-FORM-0061","CIV-GROU-0096","FS",2
"dep-civ-pcc-0067-civ-back-0071","CIV-PCC-0067","CIV-BACK-0071","SF",0
"dep-civ-pcc-0067-civ-grou-0088","CIV-PCC-0067","CIV-GROU-0088","FS",0
"dep-civ-pcc-0067-civ-grou-0096","CIV-PCC-0067","CIV-GROU-0096","FS",0
"dep-civ-pcc-0067-pip-hydr-0015","CIV-PCC-0067","PIP-HYDR-0015","FS",0
"dep-civ-back-0071-civ-grou-0088","CIV-BACK-0071","CIV-GROU-0088","FS",0
"dep-civ-back-0071-civ-grou-0096","CIV-BACK-0071","CIV-GROU-0096","SS",3
"dep-civ-back-0071-pip-hydr-0015","CIV-BACK-0071","PIP-HYDR-0015","FF",0
"dep-civ-back-0071-pip-hydr-0039","CIV-BACK-0071","PIP-HYDR-0039","FS",0
"dep-civ-grou-0088-civ-grou-0096","CIV-GROU-0088","CIV-GROU-0096","FS",0
"dep-civ-grou-0088-pip-hydr-0015","CIV-GROU-0088","PIP-HYDR-0015","FS",0
"dep-civ-grou-0088-pip-hydr-0039","CIV-GROU-0088","PIP-HYDR-0039","FS",0
"dep-civ-grou-0088-pip-fitu-0036","CIV-GROU-0088","PIP-FITU-0036","SS",4
"dep-civ-grou-0096-pip-hydr-0015","CIV-GROU-0096","PIP-HYDR-0015","SS",1
"dep-civ-grou-0096-pip-hydr-0039","CIV-GROU-0096","PIP-HYDR-0039","FS",0
"dep-civ-grou-0096-pip-fitu-0036","CIV-GROU-0096","PIP-FITU-0036","FS",2
"dep-civ-grou-0096-pip-fitu-0044","CIV-GROU-0096","PIP-FITU-0044","FS",0
"dep-pip-hydr-0015-pip-hydr-0039","PIP-HYDR-0015","PIP-HYDR-0039","FS",0
"dep-pip-hydr-0015-pip-fitu-0036","PIP-HYDR-0015","PIP-FITU-0036","FS",3
"dep-pip-hydr-0015-pip-fitu-0044","PIP-HYDR-0015","PIP-FITU-0044","FS",0
"dep-pip-hydr-0015-pip-flus-0064","PIP-HYDR-0015","PIP-FLUS-0064","FS",3
"dep-pip-hydr-0039-pip-fitu-0036","PIP-HYDR-0039","PIP-FITU-0036","FS",0
"dep-pip-hydr-0039-pip-fitu-0044","PIP-HYDR-0039","PIP-FITU-0044","FS",0
"dep-pip-hydr-0039-pip-flus-0064","PIP-HYDR-0039","PIP-FLUS-0064","FS",0
"dep-pip-fitu-0036-pip-fitu-0044","PIP-FITU-0036","PIP-FITU-0044","FS",0
"dep-pip-fitu-0036-pip-flus-0064","PIP-FITU-0036","PIP-FLUS-0064","FS",1
"dep-pip-fitu-0044-pip-flus-0064","PIP-FITU-0044","PIP-FLUS-0064","FS",2
"dep-civ-form-0013-civ-clea-0017","CIV-FORM-0013","CIV-CLEA-0017","FS",2
"dep-civ-form-0013-civ-exca-0018","CIV-FORM-0013","CIV-EXCA-0018","FS",0
"dep-civ-form-0013-civ-exca-0042","CIV-FORM-0013","CIV-EXCA-0042","SF",0
"dep-civ-form-0013-civ-clea-0041","CIV-FORM-0013","CIV-CLEA-0041","FS",0
"dep-civ-clea-0017-civ-exca-0018","CIV-CLEA-0017","CIV-EXCA-0018","FS",0
"dep-civ-clea-0017-civ-exca-0042","CIV-CLEA-0017","CIV-EXCA-0042","FS",0
"dep-civ-clea-0017-civ-clea-0041","CIV-CLEA-0017","CIV-CLEA-0041","FS",0
"dep-civ-clea-0017-civ-conc-0046","CIV-CLEA-0017","CIV-CONC-0046","SS",3
"dep-civ-exca-0018-civ-exca-0042","CIV-EXCA-0018","CIV-EXCA-0042","SS",1
"dep-civ-exca-0018-civ-clea-0041","CIV-EXCA-0018","CIV-CLEA-0041","FS",0
"dep-civ-exca-0018-civ-conc-0046","CIV-EXCA-0018","CIV-CONC-0046","FS",0
"dep-civ-exca-0018-civ-clea-0057","CIV-EXCA-0018","CIV-CLEA-0057","FS",0
"dep-civ-exca-0042-civ-clea-0041","CIV-EXCA-0042","CIV-CLEA-0041","SS",3
"dep-civ-exca-0042-civ-conc-0046","CIV-EXCA-0042","CIV-CONC-0046","SS",2
"dep-civ-exca-0042-civ-clea-0057","CIV-EXCA-0042","CIV-CLEA-0057","FS",0
"dep-civ-exca-0042-civ-back-0055","CIV-EXCA-0042","CIV-BACK-0055","FS",1
"dep-civ-clea-0041-civ-conc-0046","CIV-CLEA-0041","CIV-CONC-0046","SS",5
"dep-civ-clea-0041-civ-clea-0057","CIV-CLEA-0041","CIV-CLEA-0057","FS",0
"dep-civ-clea-0041-civ-back-0055","CIV-CLEA-0041","CIV-BACK-0055","FF",1
"dep-civ-clea-0041-civ-rein-0084","CIV-CLEA-0041","CIV-REIN-0084","FS",0
"dep-civ-conc-0046-civ-clea-0057","CIV-CONC-0046","CIV-CLEA-0057","FS",0
"dep-civ-conc-0046-civ-back-0055","CIV-CONC-0046","CIV-BACK-0055","FS",0
"dep-civ-conc-0046-civ-rein-0084","CIV-CONC-0046","CIV-REIN-0084","FS",3
"dep-civ-conc-0046-civ-rein-0092","CIV-CONC-0046","CIV-REIN-0092","FS",0
"dep-civ-clea-0057-civ-back-0055","CIV-CLEA-0057","CIV-BACK-0055","FS",1
"dep-civ-clea-0057-civ-rein-0084","CIV-CLEA-0057","CIV-REIN-0084","FS",0
"dep-civ-clea-0057-civ-rein-0092","CIV-CLEA-0057","CIV-REIN-0092","FS",2
"dep-civ-clea-0057-civ-pcc-0099","CIV-CLEA-0057","CIV-PCC-0099","FS",1
"dep-civ-back-0055-civ-rein-0084","CIV-BACK-0055","CIV-REIN-0084","FS",0
"dep-civ-back-0055-civ-rein-0092","CIV-BACK-0055","CIV-REIN-0092","FS",3
"dep-civ-back-0055-civ-pcc-0099","CIV-BACK-0055","CIV-PCC-0099","FS",0
"dep-civ-back-0055-civ-rein-0108","CIV-BACK-0055","CIV-REIN-0108","FS",0
"dep-civ-rein-0084-civ-rein-0092","CIV-REIN-0084","CIV-REIN-0092","FS",0
"dep-civ-rein-0084-civ-pcc-0099","CIV-REIN-0084","CIV-PCC-0099","FS",3
"dep-civ-rein-0084-civ-rein-0108","CIV-REIN-0084","CIV-REIN-0108","FS",0
"dep-civ-rein-0084-civ-grou-0112","CIV-REIN-0084","CIV-GROU-0112","FS",2
"dep-civ-rein-0092-civ-pcc-0099","CIV-REIN-0092","CIV-PCC-0099","FS",3
"dep-civ-rein-0092-civ-rein-0108","CIV-REIN-0092","CIV-REIN-0108","FS",0
"dep-civ-rein-0092-civ-grou-0112","CIV-REIN-0092","CIV-GROU-0112","FS",0
"dep-civ-rein-0092-civ-exca-0114","CIV-REIN-0092","CIV-EXCA-0114","FS",0
"dep-civ-pcc-0099-civ-rein-0108","CIV-PCC-0099","CIV-REIN-0108","FS",3
"dep-civ-pcc-0099-civ-grou-0112","CIV-PCC-0099","CIV-GROU-0112","FS",0
"dep-civ-pcc-0099-civ-exca-0114","CIV-PCC-0099","CIV-EXCA-0114","FS",0
"dep-civ-pcc-0099-civ-back-0111","CIV-PCC-0099","CIV-BACK-0111","FS",0
"dep-civ-rein-0108-civ-grou-0112","CIV-REIN-0108","CIV-GROU-0112","FS",0
"dep-civ-rein-0108-civ-exca-0114","CIV-REIN-0108","CIV-EXCA-0114","SF",0
"dep-civ-rein-0108-civ-back-0111","CIV-REIN-0108","CIV-BACK-0111","SS",1
"dep-civ-rein-0108-civ-form-0125","CIV-REIN-0108","CIV-FORM-0125","FS",0
"dep-civ-grou-0112-civ-exca-0114","CIV-GROU-0112","CIV-EXCA-0114","FS",1
"dep-civ-grou-0112-civ-back-0111","CIV-GROU-0112","CIV-BACK-0111","FS",0
"dep-civ-grou-0112-civ-form-0125","CIV-GROU-0112","CIV-FORM-0125","FS",0
"dep-civ-grou-0112-pip-hydr-0007","CIV-GROU-0112","PIP-HYDR-0007","FS",0
"dep-civ-exca-0114-civ-back-0111","CIV-EXCA-0114","CIV-BACK-0111","FS",2
"dep-civ-exca-0114-civ-form-0125","CIV-EXCA-0114","CIV-FORM-0125","FS",0
"dep-civ-exca-0114-pip-hydr-0007","CIV-EXCA-0114","PIP-HYDR-0007","FS",0
"dep-civ-exca-0114-pip-fabr-0002","CIV-EXCA-0114","PIP-FABR-0002","FS",0
"dep-civ-back-0111-civ-form-0125","CIV-BACK-0111","CIV-FORM-0125","FS",0
"dep-civ-back-0111-pip-hydr-0007","CIV-BACK-0111","PIP-HYDR-0007","FS",0
"dep-civ-back-0111-pip-fabr-0002","CIV-BACK-0111","PIP-FABR-0002","SS",2
"dep-civ-back-0111-pip-ndt-0006","CIV-BACK-0111","PIP-NDT-0006","FS",0
"dep-civ-form-0125-pip-hydr-0007","CIV-FORM-0125","PIP-HYDR-0007","FS",0
"dep-civ-form-0125-pip-fabr-0002","CIV-FORM-0125","PIP-FABR-0002","FS",0
"dep-civ-form-0125-pip-ndt-0006","CIV-FORM-0125","PIP-NDT-0006","FS",0
"dep-civ-form-0125-pip-insu-0009","CIV-FORM-0125","PIP-INSU-0009","FS",0